<?xml version="1.0" encoding="UTF-8"?>
<project-private xmlns="http://www.netbeans.org/ns/project-private/1">
    <editor-bookmarks xmlns="http://www.netbeans.org/ns/editor-bookmarks/2" lastBookmarkId="0"/>
    <open-files xmlns="http://www.netbeans.org/ns/projectui-open-files/2">
        <group>
            <file>file:/D:/ORT/Sistemas%20digitales%20y%20microprocesadores/Obligatorio/OS.X/rot13.s</file>
            <file>file:/D:/ORT/Sistemas%20digitales%20y%20microprocesadores/Obligatorio/OS.X/teclado.s</file>
            <file>file:/D:/ORT/Sistemas%20digitales%20y%20microprocesadores/Obligatorio/OS.X/calculadora.s</file>
            <file>file:/D:/ORT/Sistemas%20digitales%20y%20microprocesadores/Obligatorio/OS.X/UI.s</file>
            <file>file:/D:/ORT/Sistemas%20digitales%20y%20microprocesadores/Obligatorio/OS.X/main.s</file>
        </group>
    </open-files>
</project-private>
